word_id;word;level;frequency
W0001;word_1;C2;high
W0002;word_2;C2;high
W0003;word_3;A2;high
W0004;word_4;A1;medium
W0005;word_5;C1;high
W0006;word_6;B2;high
W0007;word_7;A1;high
W0008;word_8;C1;medium
W0009;word_9;C1;high
W0010;word_10;C2;medium
W0011;word_11;B2;high
W0012;word_12;C1;high
W0013;word_13;A1;medium
W0014;word_14;A2;medium
W0015;word_15;B1;high
W0016;word_16;A2;low
W0017;word_17;B1;high
W0018;word_18;B2;high
W0019;word_19;B1;medium
W0020;word_20;A1;medium
W0021;word_21;C1;high
W0022;word_22;B2;high
W0023;word_23;B1;low
W0024;word_24;C1;low
W0025;word_25;B1;medium
W0026;word_26;C2;high
W0027;word_27;C2;high
W0028;word_28;B1;low
W0029;word_29;A2;low
W0030;word_30;B2;high
W0031;word_31;C2;low
W0032;word_32;A2;high
W0033;word_33;A2;medium
W0034;word_34;C2;low
W0035;word_35;C2;high
W0036;word_36;C2;high
W0037;word_37;C2;high
W0038;word_38;B2;high
W0039;word_39;C2;medium
W0040;word_40;A2;medium
W0041;word_41;A1;high
W0042;word_42;A1;low
W0043;word_43;B2;high
W0044;word_44;A2;low
W0045;word_45;C1;low
W0046;word_46;B1;high
W0047;word_47;B2;high
W0048;word_48;C2;high
W0049;word_49;B1;high
W0050;word_50;C2;medium
W0051;word_51;B1;medium
W0052;word_52;B2;low
W0053;word_53;B2;high
W0054;word_54;A2;medium
W0055;word_55;A1;medium
W0056;word_56;A1;high
W0057;word_57;A2;medium
W0058;word_58;B2;medium
W0059;word_59;B2;high
W0060;word_60;B2;medium
W0061;word_61;C1;low
W0062;word_62;A1;medium
W0063;word_63;A1;medium
W0064;word_64;C1;medium
W0065;word_65;C2;high
W0066;word_66;B1;high
W0067;word_67;B2;high
W0068;word_68;C2;low
W0069;word_69;B1;low
W0070;word_70;A2;medium
W0071;word_71;A1;low
W0072;word_72;B1;low
W0073;word_73;C1;medium
W0074;word_74;A2;high
W0075;word_75;A2;medium
W0076;word_76;C1;low
W0077;word_77;C1;high
W0078;word_78;A1;high
W0079;word_79;B1;low
W0080;word_80;B1;high
W0081;word_81;A2;low
W0082;word_82;A1;high
W0083;word_83;B2;low
W0084;word_84;C1;medium
W0085;word_85;A2;medium
W0086;word_86;C1;high
W0087;word_87;C1;low
W0088;word_88;B2;low
W0089;word_89;C1;medium
W0090;word_90;C2;high
W0091;word_91;B1;high
W0092;word_92;C2;medium
W0093;word_93;B2;low
W0094;word_94;B2;high
W0095;word_95;A2;high
W0096;word_96;A1;medium
W0097;word_97;A2;medium
W0098;word_98;A1;high
W0099;word_99;C2;high
W0100;word_100;A1;low
W0101;word_101;B1;high
W0102;word_102;A2;high
W0103;word_103;B2;high
W0104;word_104;A2;medium
W0105;word_105;C1;medium
W0106;word_106;A2;medium
W0107;word_107;B2;high
W0108;word_108;A1;medium
W0109;word_109;B1;high
W0110;word_110;B2;low
W0111;word_111;A1;medium
W0112;word_112;C2;high
W0113;word_113;B2;medium
W0114;word_114;A1;high
W0115;word_115;A2;medium
W0116;word_116;A2;high
W0117;word_117;B1;high
W0118;word_118;A1;high
W0119;word_119;C1;high
W0120;word_120;C2;low
W0121;word_121;A1;low
W0122;word_122;A2;high
W0123;word_123;B2;high
W0124;word_124;B2;low
W0125;word_125;A2;high
W0126;word_126;B2;high
W0127;word_127;B2;high
W0128;word_128;C2;low
W0129;word_129;C1;medium
W0130;word_130;B2;high
W0131;word_131;B1;high
W0132;word_132;A1;medium
W0133;word_133;C1;high
W0134;word_134;B1;high
W0135;word_135;C1;high
W0136;word_136;C1;high
W0137;word_137;C1;high
W0138;word_138;A2;high
W0139;word_139;A1;medium
W0140;word_140;A2;high
W0141;word_141;C1;high
W0142;word_142;C1;high
W0143;word_143;A1;high
W0144;word_144;C1;medium
W0145;word_145;B1;low
W0146;word_146;A2;medium
W0147;word_147;B1;high
W0148;word_148;B2;high
W0149;word_149;C2;high
W0150;word_150;B1;low
W0151;word_151;A1;high
W0152;word_152;C1;low
W0153;word_153;A1;high
W0154;word_154;A2;medium
W0155;word_155;A2;low
W0156;word_156;A1;low
W0157;word_157;B1;high
W0158;word_158;B2;low
W0159;word_159;C2;high
W0160;word_160;C2;medium
W0161;word_161;C2;low
W0162;word_162;B1;low
W0163;word_163;A1;low
W0164;word_164;A2;high
W0165;word_165;A1;medium
W0166;word_166;A2;high
W0167;word_167;C1;high
W0168;word_168;B1;high
W0169;word_169;C2;low
W0170;word_170;C1;high
W0171;word_171;A1;high
W0172;word_172;B2;low
W0173;word_173;A1;high
W0174;word_174;A2;medium
W0175;word_175;B1;high
W0176;word_176;B2;medium
W0177;word_177;B2;medium
W0178;word_178;A1;high
W0179;word_179;C2;low
W0180;word_180;C1;high
W0181;word_181;B1;medium
W0182;word_182;A2;high
W0183;word_183;A1;high
W0184;word_184;A1;low
W0185;word_185;A2;medium
W0186;word_186;C2;high
W0187;word_187;C1;low
W0188;word_188;B2;low
W0189;word_189;C2;high
W0190;word_190;A2;low
W0191;word_191;A2;low
W0192;word_192;A1;high
W0193;word_193;B1;medium
W0194;word_194;B2;low
W0195;word_195;C2;low
W0196;word_196;B1;high
W0197;word_197;C2;high
W0198;word_198;A1;low
W0199;word_199;A2;high
W0200;word_200;B2;high
W0201;word_201;A2;high
W0202;word_202;C2;high
W0203;word_203;B1;high
W0204;word_204;A1;low
W0205;word_205;B1;high
W0206;word_206;C1;high
W0207;word_207;C1;high
W0208;word_208;A1;high
W0209;word_209;B1;high
W0210;word_210;B1;high
W0211;word_211;C1;high
W0212;word_212;C2;medium
W0213;word_213;B2;medium
W0214;word_214;C1;high
W0215;word_215;C1;high
W0216;word_216;A1;medium
W0217;word_217;A1;medium
W0218;word_218;C1;medium
W0219;word_219;C2;medium
W0220;word_220;A2;high
W0221;word_221;A1;low
W0222;word_222;B1;medium
W0223;word_223;C2;low
W0224;word_224;C2;low
W0225;word_225;C1;high
W0226;word_226;B2;high
W0227;word_227;C2;high
W0228;word_228;A2;high
W0229;word_229;C2;low
W0230;word_230;C2;medium
W0231;word_231;A2;medium
W0232;word_232;B1;high
W0233;word_233;A1;high
W0234;word_234;A2;high
W0235;word_235;C1;medium
W0236;word_236;B1;high
W0237;word_237;B2;medium
W0238;word_238;C1;high
W0239;word_239;C2;high
W0240;word_240;A1;high
W0241;word_241;C2;medium
W0242;word_242;B1;high
W0243;word_243;A2;medium
W0244;word_244;A2;low
W0245;word_245;A2;high
W0246;word_246;A2;low
W0247;word_247;C1;low
W0248;word_248;A1;high
W0249;word_249;C2;medium
W0250;word_250;C2;medium
W0251;word_251;B2;high
W0252;word_252;A2;medium
W0253;word_253;A1;low
W0254;word_254;A1;medium
W0255;word_255;A2;high
W0256;word_256;C2;medium
W0257;word_257;A1;medium
W0258;word_258;A1;high
W0259;word_259;B2;medium
W0260;word_260;C1;medium
W0261;word_261;B2;medium
W0262;word_262;C2;low
W0263;word_263;B2;low
W0264;word_264;C1;high
W0265;word_265;A2;medium
W0266;word_266;B2;high
W0267;word_267;A2;low
W0268;word_268;B1;medium
W0269;word_269;C1;high
W0270;word_270;A2;high
W0271;word_271;A1;medium
W0272;word_272;A2;high
W0273;word_273;B1;low
W0274;word_274;A1;high
W0275;word_275;A2;high
W0276;word_276;A2;medium
W0277;word_277;A1;high
W0278;word_278;B1;medium
W0279;word_279;B2;high
W0280;word_280;B2;high
W0281;word_281;C1;low
W0282;word_282;A1;low
W0283;word_283;C1;high
W0284;word_284;A1;low
W0285;word_285;B1;medium
W0286;word_286;B2;medium
W0287;word_287;C2;medium
W0288;word_288;C1;low
W0289;word_289;B2;high
W0290;word_290;B2;high
W0291;word_291;B2;high
W0292;word_292;C2;medium
W0293;word_293;C2;high
W0294;word_294;B2;low
W0295;word_295;C1;medium
W0296;word_296;B2;medium
W0297;word_297;C2;high
W0298;word_298;C2;high
W0299;word_299;B2;high
W0300;word_300;B1;high
W0301;word_301;A2;high
W0302;word_302;B1;medium
W0303;word_303;B2;high
W0304;word_304;B2;high
W0305;word_305;A1;high
W0306;word_306;C2;medium
W0307;word_307;B1;high
W0308;word_308;A1;medium
W0309;word_309;C2;high
W0310;word_310;A1;low
W0311;word_311;A2;low
W0312;word_312;C1;high
W0313;word_313;A2;high
W0314;word_314;A1;medium
W0315;word_315;A2;high
W0316;word_316;B1;medium
W0317;word_317;A2;medium
W0318;word_318;C2;medium
W0319;word_319;A2;low
W0320;word_320;A1;medium
W0321;word_321;B1;medium
W0322;word_322;B2;high
W0323;word_323;C2;high
W0324;word_324;C1;medium
W0325;word_325;C2;high
W0326;word_326;C2;medium
W0327;word_327;C2;medium
W0328;word_328;A1;medium
W0329;word_329;C1;medium
W0330;word_330;B1;medium
W0331;word_331;C2;high
W0332;word_332;C1;medium
W0333;word_333;A1;low
W0334;word_334;B2;high
W0335;word_335;B1;medium
W0336;word_336;B2;medium
W0337;word_337;B2;high
W0338;word_338;C1;low
W0339;word_339;B1;medium
W0340;word_340;C1;medium
W0341;word_341;B2;high
W0342;word_342;C2;medium
W0343;word_343;B1;low
W0344;word_344;A1;high
W0345;word_345;B2;high
W0346;word_346;B2;medium
W0347;word_347;C2;high
W0348;word_348;A1;high
W0349;word_349;B1;high
W0350;word_350;A2;high
W0351;word_351;B1;high
W0352;word_352;C1;medium
W0353;word_353;B1;medium
W0354;word_354;C1;low
W0355;word_355;A1;high
W0356;word_356;B2;high
W0357;word_357;A2;medium
W0358;word_358;C2;medium
W0359;word_359;B2;medium
W0360;word_360;A1;high
W0361;word_361;B2;medium
W0362;word_362;B1;medium
W0363;word_363;B1;high
W0364;word_364;C1;high
W0365;word_365;C2;medium
W0366;word_366;B1;medium
W0367;word_367;B1;high
W0368;word_368;A2;high
W0369;word_369;A2;high
W0370;word_370;C2;medium
W0371;word_371;C2;high
W0372;word_372;A2;medium
W0373;word_373;B1;medium
W0374;word_374;C1;medium
W0375;word_375;A1;low
W0376;word_376;B1;high
W0377;word_377;A2;high
W0378;word_378;C2;medium
W0379;word_379;B1;high
W0380;word_380;A1;medium
W0381;word_381;C2;low
W0382;word_382;C2;low
W0383;word_383;B2;high
W0384;word_384;A1;medium
W0385;word_385;B2;high
W0386;word_386;B1;high
W0387;word_387;A1;high
W0388;word_388;B2;high
W0389;word_389;A1;high
W0390;word_390;A1;medium
W0391;word_391;C2;high
W0392;word_392;A2;low
W0393;word_393;B1;high
W0394;word_394;A2;high
W0395;word_395;B2;medium
W0396;word_396;C1;high
W0397;word_397;C1;high
W0398;word_398;B2;high
W0399;word_399;C1;low
W0400;word_400;B1;medium
W0401;word_401;A1;medium
W0402;word_402;C2;high
W0403;word_403;A2;medium
W0404;word_404;B1;medium
W0405;word_405;A2;high
W0406;word_406;C1;high
W0407;word_407;A1;high
W0408;word_408;C2;medium
W0409;word_409;B1;high
W0410;word_410;B1;medium
W0411;word_411;C2;low
W0412;word_412;A1;medium
W0413;word_413;B1;medium
W0414;word_414;C2;medium
W0415;word_415;A2;high
W0416;word_416;C1;high
W0417;word_417;A2;low
W0418;word_418;A2;high
W0419;word_419;A2;medium
W0420;word_420;C1;medium
W0421;word_421;C1;low
W0422;word_422;B2;high
W0423;word_423;C2;high
W0424;word_424;B2;low
W0425;word_425;C1;medium
W0426;word_426;B2;high
W0427;word_427;A1;low
W0428;word_428;C2;high
W0429;word_429;B1;high
W0430;word_430;A2;low
W0431;word_431;C1;medium
W0432;word_432;A1;low
W0433;word_433;C2;low
W0434;word_434;C1;high
W0435;word_435;A2;high
W0436;word_436;C2;high
W0437;word_437;B1;high
W0438;word_438;C1;high
W0439;word_439;B2;low
W0440;word_440;B2;high
W0441;word_441;B1;high
W0442;word_442;A1;low
W0443;word_443;B1;high
W0444;word_444;B2;high
W0445;word_445;B2;low
W0446;word_446;C1;high
W0447;word_447;A1;high
W0448;word_448;B1;high
W0449;word_449;B2;low
W0450;word_450;A1;medium
W0451;word_451;C1;high
W0452;word_452;A1;high
W0453;word_453;B1;medium
W0454;word_454;B2;medium
W0455;word_455;A1;high
W0456;word_456;C1;high
W0457;word_457;B1;high
W0458;word_458;C2;high
W0459;word_459;A1;low
W0460;word_460;C1;medium
W0461;word_461;C2;high
W0462;word_462;C1;high
W0463;word_463;B2;high
W0464;word_464;A1;high
W0465;word_465;A1;medium
W0466;word_466;A2;high
W0467;word_467;C2;high
W0468;word_468;C2;high
W0469;word_469;B2;low
W0470;word_470;A2;high
W0471;word_471;A2;high
W0472;word_472;C1;medium
W0473;word_473;A2;low
W0474;word_474;B1;medium
W0475;word_475;B2;high
W0476;word_476;C1;high
W0477;word_477;A1;high
W0478;word_478;B1;low
W0479;word_479;C1;low
W0480;word_480;B2;low
W0481;word_481;B2;medium
W0482;word_482;B1;high
W0483;word_483;C1;high
W0484;word_484;B1;low
W0485;word_485;C2;high
W0486;word_486;B2;high
W0487;word_487;B2;high
W0488;word_488;C2;high
W0489;word_489;B2;high
W0490;word_490;C2;medium
W0491;word_491;C2;low
W0492;word_492;B2;low
W0493;word_493;A2;medium
W0494;word_494;C1;high
W0495;word_495;A1;low
W0496;word_496;B2;high
W0497;word_497;B2;high
W0498;word_498;A2;high
W0499;word_499;C2;low
W0500;word_500;A1;high
W0501;word_501;B1;high
W0502;word_502;C2;high
W0503;word_503;A1;low
W0504;word_504;C2;low
W0505;word_505;B2;low
W0506;word_506;C2;medium
W0507;word_507;B2;low
W0508;word_508;A1;medium
W0509;word_509;A2;medium
W0510;word_510;B1;low
W0511;word_511;C2;high
W0512;word_512;A1;medium
W0513;word_513;C2;low
W0514;word_514;B2;high
W0515;word_515;B1;low
W0516;word_516;A1;high
W0517;word_517;A1;high
W0518;word_518;B1;high
W0519;word_519;A2;medium
W0520;word_520;C1;medium
W0521;word_521;A2;high
W0522;word_522;A1;medium
W0523;word_523;B2;medium
W0524;word_524;A2;high
W0525;word_525;C1;high
W0526;word_526;B2;medium
W0527;word_527;B2;high
W0528;word_528;A1;low
W0529;word_529;B2;low
W0530;word_530;C2;medium
W0531;word_531;A1;high
W0532;word_532;B1;low
W0533;word_533;B1;medium
W0534;word_534;B2;medium
W0535;word_535;B2;low
W0536;word_536;A2;low
W0537;word_537;B2;high
W0538;word_538;B2;medium
W0539;word_539;C1;high
W0540;word_540;C2;high
W0541;word_541;C2;high
W0542;word_542;A1;medium
W0543;word_543;C2;medium
W0544;word_544;A1;low
W0545;word_545;C2;high
W0546;word_546;B1;medium
W0547;word_547;A2;medium
W0548;word_548;B1;high
W0549;word_549;A2;medium
W0550;word_550;C2;medium
W0551;word_551;C2;medium
W0552;word_552;A2;medium
W0553;word_553;C2;medium
W0554;word_554;B1;medium
W0555;word_555;A1;medium
W0556;word_556;C2;high
W0557;word_557;B1;high
W0558;word_558;B2;high
W0559;word_559;A2;medium
W0560;word_560;B1;medium
W0561;word_561;B1;low
W0562;word_562;B1;low
W0563;word_563;B2;low
W0564;word_564;B1;medium
W0565;word_565;B1;low
W0566;word_566;B2;low
W0567;word_567;A2;medium
W0568;word_568;A2;low
W0569;word_569;C2;medium
W0570;word_570;B2;low
W0571;word_571;C1;high
W0572;word_572;B2;high
W0573;word_573;C1;high
W0574;word_574;B1;medium
W0575;word_575;C2;high
W0576;word_576;B2;low
W0577;word_577;B1;high
W0578;word_578;A2;high
W0579;word_579;C1;low
W0580;word_580;C1;high
W0581;word_581;C1;high
W0582;word_582;A1;medium
W0583;word_583;B2;low
W0584;word_584;B1;medium
W0585;word_585;A1;high
W0586;word_586;A1;high
W0587;word_587;B2;high
W0588;word_588;A2;low
W0589;word_589;A2;high
W0590;word_590;B1;medium
W0591;word_591;C2;medium
W0592;word_592;C1;high
W0593;word_593;C2;medium
W0594;word_594;B2;medium
W0595;word_595;B2;medium
W0596;word_596;B1;high
W0597;word_597;B1;high
W0598;word_598;B2;low
W0599;word_599;B1;high
W0600;word_600;C2;high
W0601;word_601;C2;high
W0602;word_602;B2;high
W0603;word_603;A1;low
W0604;word_604;B2;high
W0605;word_605;A2;medium
W0606;word_606;C1;low
W0607;word_607;A1;medium
W0608;word_608;A2;low
W0609;word_609;C1;high
W0610;word_610;C1;high
W0611;word_611;A2;low
W0612;word_612;A2;high
W0613;word_613;A2;medium
W0614;word_614;C1;high
W0615;word_615;A2;low
W0616;word_616;C1;high
W0617;word_617;A2;high
W0618;word_618;A1;high
W0619;word_619;B1;medium
W0620;word_620;A2;medium
W0621;word_621;A1;high
W0622;word_622;A1;high
W0623;word_623;B2;medium
W0624;word_624;C2;high
W0625;word_625;B2;medium
W0626;word_626;C1;medium
W0627;word_627;B2;medium
W0628;word_628;C1;high
W0629;word_629;C2;medium
W0630;word_630;B2;medium
W0631;word_631;A1;high
W0632;word_632;B2;low
W0633;word_633;B2;medium
W0634;word_634;B2;medium
W0635;word_635;B2;high
W0636;word_636;A1;high
W0637;word_637;A2;high
W0638;word_638;B1;medium
W0639;word_639;C1;medium
W0640;word_640;B1;high
W0641;word_641;C1;medium
W0642;word_642;B2;medium
W0643;word_643;B2;high
W0644;word_644;C2;high
W0645;word_645;C2;medium
W0646;word_646;C1;medium
W0647;word_647;A2;high
W0648;word_648;A2;high
W0649;word_649;B2;high
W0650;word_650;C2;high
W0651;word_651;B2;high
W0652;word_652;B1;high
W0653;word_653;A2;medium
W0654;word_654;B2;high
W0655;word_655;A1;high
W0656;word_656;A1;medium
W0657;word_657;B1;low
W0658;word_658;C1;high
W0659;word_659;C1;medium
W0660;word_660;C2;high
W0661;word_661;B1;low
W0662;word_662;B2;low
W0663;word_663;C2;high
W0664;word_664;B1;medium
W0665;word_665;B1;high
W0666;word_666;C1;high
W0667;word_667;C2;high
W0668;word_668;A1;high
W0669;word_669;C1;high
W0670;word_670;B1;medium
W0671;word_671;B2;low
W0672;word_672;C1;medium
W0673;word_673;C2;medium
W0674;word_674;C1;low
W0675;word_675;C2;high
W0676;word_676;A2;high
W0677;word_677;B1;low
W0678;word_678;B1;high
W0679;word_679;A2;medium
W0680;word_680;B2;high
W0681;word_681;C2;medium
W0682;word_682;A1;high
W0683;word_683;C1;high
W0684;word_684;B2;high
W0685;word_685;A2;high
W0686;word_686;C2;high
W0687;word_687;C1;medium
W0688;word_688;A1;high
W0689;word_689;C1;high
W0690;word_690;A1;high
W0691;word_691;C2;high
W0692;word_692;C1;high
W0693;word_693;B1;high
W0694;word_694;C1;high
W0695;word_695;B2;high
W0696;word_696;C2;medium
W0697;word_697;B2;medium
W0698;word_698;B1;high
W0699;word_699;B2;low
W0700;word_700;A1;high
W0701;word_701;B1;low
W0702;word_702;A2;medium
W0703;word_703;B1;high
W0704;word_704;A1;high
W0705;word_705;B2;high
W0706;word_706;B2;medium
W0707;word_707;A2;medium
W0708;word_708;C2;low
W0709;word_709;A1;high
W0710;word_710;C2;high
W0711;word_711;A1;high
W0712;word_712;A1;low
W0713;word_713;C1;high
W0714;word_714;B2;medium
W0715;word_715;B2;high
W0716;word_716;B2;high
W0717;word_717;B1;high
W0718;word_718;C1;high
W0719;word_719;C2;low
W0720;word_720;A1;high
W0721;word_721;A1;high
W0722;word_722;C1;high
W0723;word_723;A1;high
W0724;word_724;B1;medium
W0725;word_725;A2;high
W0726;word_726;A2;high
W0727;word_727;C2;high
W0728;word_728;C1;high
W0729;word_729;B1;high
W0730;word_730;C2;low
W0731;word_731;A2;high
W0732;word_732;B1;high
W0733;word_733;C1;high
W0734;word_734;C2;high
W0735;word_735;C2;high
W0736;word_736;C1;medium
W0737;word_737;B2;medium
W0738;word_738;C1;medium
W0739;word_739;C1;high
W0740;word_740;C2;high
W0741;word_741;B2;high
W0742;word_742;B2;medium
W0743;word_743;B1;medium
W0744;word_744;B1;medium
W0745;word_745;B1;high
W0746;word_746;A1;high
W0747;word_747;B1;high
W0748;word_748;A1;medium
W0749;word_749;C1;high
W0750;word_750;C1;medium
W0751;word_751;C2;low
W0752;word_752;B2;low
W0753;word_753;C1;medium
W0754;word_754;B1;medium
W0755;word_755;C1;high
W0756;word_756;A1;high
W0757;word_757;B1;low
W0758;word_758;A1;medium
W0759;word_759;A2;high
W0760;word_760;C2;high
W0761;word_761;B2;medium
W0762;word_762;C1;high
W0763;word_763;B1;low
W0764;word_764;B2;high
W0765;word_765;B1;medium
W0766;word_766;A1;medium
W0767;word_767;C2;high
W0768;word_768;B1;high
W0769;word_769;C2;high
W0770;word_770;B1;medium
W0771;word_771;C2;low
W0772;word_772;C1;low
W0773;word_773;B1;high
W0774;word_774;C2;high
W0775;word_775;B1;high
W0776;word_776;C2;medium
W0777;word_777;B2;high
W0778;word_778;C2;low
W0779;word_779;B1;medium
W0780;word_780;C2;medium
W0781;word_781;A2;medium
W0782;word_782;C2;low
W0783;word_783;C1;high
W0784;word_784;C2;high
W0785;word_785;B1;high
W0786;word_786;B1;high
W0787;word_787;A2;high
W0788;word_788;B2;high
W0789;word_789;A2;high
W0790;word_790;B1;low
W0791;word_791;A1;medium
W0792;word_792;C1;low
W0793;word_793;C1;high
W0794;word_794;B1;low
W0795;word_795;C1;high
W0796;word_796;B2;high
W0797;word_797;A2;low
W0798;word_798;C1;low
W0799;word_799;A2;medium
W0800;word_800;A1;high
W0801;word_801;C2;medium
W0802;word_802;B2;medium
W0803;word_803;C2;medium
W0804;word_804;A2;medium
W0805;word_805;B1;low
W0806;word_806;B2;low
W0807;word_807;A2;high
W0808;word_808;C1;low
W0809;word_809;B2;medium
W0810;word_810;B2;medium
W0811;word_811;B2;low
W0812;word_812;A2;low
W0813;word_813;A2;low
W0814;word_814;A1;medium
W0815;word_815;B1;medium
W0816;word_816;A1;medium
W0817;word_817;C1;low
W0818;word_818;B1;high
W0819;word_819;A2;high
W0820;word_820;C1;high
W0821;word_821;B2;high
W0822;word_822;A2;low
W0823;word_823;B1;low
W0824;word_824;B2;high
W0825;word_825;C1;high
W0826;word_826;B2;low
W0827;word_827;B1;high
W0828;word_828;B1;low
W0829;word_829;C2;medium
W0830;word_830;A2;high
W0831;word_831;B1;low
W0832;word_832;B2;medium
W0833;word_833;A2;medium
W0834;word_834;B2;high
W0835;word_835;A1;low
W0836;word_836;A1;high
W0837;word_837;A2;medium
W0838;word_838;C2;medium
W0839;word_839;B2;high
W0840;word_840;B1;high
W0841;word_841;A1;high
W0842;word_842;B2;medium
W0843;word_843;C1;high
W0844;word_844;A1;low
W0845;word_845;B2;medium
W0846;word_846;A1;medium
W0847;word_847;C1;high
W0848;word_848;A2;high
W0849;word_849;A1;medium
W0850;word_850;A2;medium
W0851;word_851;A2;medium
W0852;word_852;A1;medium
W0853;word_853;B1;high
W0854;word_854;C1;medium
W0855;word_855;C1;medium
W0856;word_856;B2;low
W0857;word_857;A1;medium
W0858;word_858;B1;high
W0859;word_859;A1;high
W0860;word_860;A1;high
W0861;word_861;C2;medium
W0862;word_862;A1;medium
W0863;word_863;C2;medium
W0864;word_864;A2;high
W0865;word_865;C1;high
W0866;word_866;C2;high
W0867;word_867;C2;high
W0868;word_868;C2;high
W0869;word_869;A2;low
W0870;word_870;A1;medium
W0871;word_871;B2;high
W0872;word_872;A2;high
W0873;word_873;A2;low
W0874;word_874;B1;low
W0875;word_875;C1;high
W0876;word_876;C1;high
W0877;word_877;A1;medium
W0878;word_878;A2;high
W0879;word_879;A1;low
W0880;word_880;B1;high
W0881;word_881;B1;high
W0882;word_882;B2;medium
W0883;word_883;B2;high
W0884;word_884;A2;high
W0885;word_885;B2;high
W0886;word_886;C1;high
W0887;word_887;A1;medium
W0888;word_888;A1;high
W0889;word_889;A2;medium
W0890;word_890;B1;high
W0891;word_891;B1;medium
W0892;word_892;B1;high
W0893;word_893;C2;high
W0894;word_894;C2;high
W0895;word_895;B2;high
W0896;word_896;B1;medium
W0897;word_897;B2;high
W0898;word_898;A1;high
W0899;word_899;C2;high
W0900;word_900;C1;low
W0901;word_901;C2;high
W0902;word_902;A1;high
W0903;word_903;C1;medium
W0904;word_904;B2;high
W0905;word_905;A1;high
W0906;word_906;C2;high
W0907;word_907;B2;low
W0908;word_908;A1;medium
W0909;word_909;C2;high
W0910;word_910;B1;high
W0911;word_911;A1;medium
W0912;word_912;C1;high
W0913;word_913;B1;medium
W0914;word_914;A2;low
W0915;word_915;A1;medium
W0916;word_916;B2;medium
W0917;word_917;C1;high
W0918;word_918;B1;medium
W0919;word_919;A2;low
W0920;word_920;B1;medium
W0921;word_921;B2;high
W0922;word_922;A2;low
W0923;word_923;B2;high
W0924;word_924;C2;high
W0925;word_925;A1;low
W0926;word_926;B1;medium
W0927;word_927;C2;high
W0928;word_928;C1;high
W0929;word_929;B1;low
W0930;word_930;C2;medium
W0931;word_931;C2;medium
W0932;word_932;B1;medium
W0933;word_933;A1;low
W0934;word_934;A2;high
W0935;word_935;B2;high
W0936;word_936;C1;medium
W0937;word_937;B2;low
W0938;word_938;C1;high
W0939;word_939;A1;high
W0940;word_940;B2;low
W0941;word_941;C2;high
W0942;word_942;B2;medium
W0943;word_943;C1;high
W0944;word_944;B1;medium
W0945;word_945;B2;high
W0946;word_946;C1;high
W0947;word_947;C1;medium
W0948;word_948;A2;medium
W0949;word_949;A2;high
W0950;word_950;A1;low
W0951;word_951;C1;high
W0952;word_952;A2;high
W0953;word_953;C2;high
W0954;word_954;C1;low
W0955;word_955;A1;high
W0956;word_956;C2;low
W0957;word_957;B1;high
W0958;word_958;B1;medium
W0959;word_959;A1;medium
W0960;word_960;A2;medium
W0961;word_961;C1;high
W0962;word_962;C2;medium
W0963;word_963;C1;high
W0964;word_964;C1;high
W0965;word_965;A1;high
W0966;word_966;C2;medium
W0967;word_967;B1;medium
W0968;word_968;C1;high
W0969;word_969;C2;high
W0970;word_970;C2;medium
W0971;word_971;C2;low
W0972;word_972;B2;high
W0973;word_973;C2;high
W0974;word_974;B2;high
W0975;word_975;A1;high
W0976;word_976;B2;high
W0977;word_977;A2;high
W0978;word_978;A2;high
W0979;word_979;C2;high
W0980;word_980;B1;low
W0981;word_981;A2;medium
W0982;word_982;C1;medium
W0983;word_983;B1;high
W0984;word_984;A1;high
W0985;word_985;A2;high
W0986;word_986;A1;high
W0987;word_987;B2;low
W0988;word_988;B2;high
W0989;word_989;A2;low
W0990;word_990;C1;medium
W0991;word_991;A2;medium
W0992;word_992;B2;low
W0993;word_993;B2;high
W0994;word_994;B1;high
W0995;word_995;A1;low
W0996;word_996;C1;high
W0997;word_997;A2;high
W0998;word_998;B1;high
W0999;word_999;B1;high
W1000;word_1000;C2;medium
W1001;word_1001;B1;medium
W1002;word_1002;A1;high
W1003;word_1003;B1;medium
W1004;word_1004;B2;high
W1005;word_1005;B2;high
W1006;word_1006;C1;high
W1007;word_1007;C1;high
W1008;word_1008;B2;medium
W1009;word_1009;C1;high
W1010;word_1010;C1;medium
W1011;word_1011;A1;high
W1012;word_1012;A1;high
W1013;word_1013;B1;medium
W1014;word_1014;B1;medium
W1015;word_1015;A2;medium
W1016;word_1016;B2;medium
W1017;word_1017;A1;high
W1018;word_1018;C2;high
W1019;word_1019;B2;medium
W1020;word_1020;A2;medium
W1021;word_1021;C1;high
W1022;word_1022;C1;high
W1023;word_1023;B2;low
W1024;word_1024;C2;low
W1025;word_1025;C1;high
W1026;word_1026;C1;medium
W1027;word_1027;C2;medium
W1028;word_1028;B2;low
W1029;word_1029;B1;high
W1030;word_1030;A1;low
W1031;word_1031;C1;high
W1032;word_1032;C2;low
W1033;word_1033;C2;high
W1034;word_1034;B2;high
W1035;word_1035;C2;medium
W1036;word_1036;C1;medium
W1037;word_1037;C2;high
W1038;word_1038;B2;high
W1039;word_1039;C2;medium
W1040;word_1040;B2;high
W1041;word_1041;C2;high
W1042;word_1042;C1;low
W1043;word_1043;A1;high
W1044;word_1044;B2;high
W1045;word_1045;A2;high
W1046;word_1046;A2;high
W1047;word_1047;C1;low
W1048;word_1048;C2;medium
W1049;word_1049;C2;high
W1050;word_1050;A2;medium
W1051;word_1051;C2;high
W1052;word_1052;B2;high
W1053;word_1053;A2;high
W1054;word_1054;C1;high
W1055;word_1055;B1;medium
W1056;word_1056;C2;medium
W1057;word_1057;C2;high
W1058;word_1058;B2;high
W1059;word_1059;A2;high
W1060;word_1060;B1;high
W1061;word_1061;B1;medium
W1062;word_1062;C2;high
W1063;word_1063;C2;high
W1064;word_1064;B2;high
W1065;word_1065;C2;high
W1066;word_1066;A1;medium
W1067;word_1067;C1;high
W1068;word_1068;B2;low
W1069;word_1069;A2;high
W1070;word_1070;B1;low
W1071;word_1071;A1;high
W1072;word_1072;B2;medium
W1073;word_1073;C2;high
W1074;word_1074;A2;low
W1075;word_1075;B1;low
W1076;word_1076;C2;high
W1077;word_1077;A1;medium
W1078;word_1078;C1;high
W1079;word_1079;A1;medium
W1080;word_1080;C1;high
W1081;word_1081;A2;high
W1082;word_1082;B2;high
W1083;word_1083;B2;high
W1084;word_1084;A2;high
W1085;word_1085;C1;low
W1086;word_1086;A2;high
W1087;word_1087;B2;high
W1088;word_1088;A2;medium
W1089;word_1089;B1;high
W1090;word_1090;C2;high
W1091;word_1091;A1;medium
W1092;word_1092;A2;medium
W1093;word_1093;C2;low
W1094;word_1094;A1;low
W1095;word_1095;A2;high
W1096;word_1096;A2;low
W1097;word_1097;A1;low
W1098;word_1098;B2;medium
W1099;word_1099;A2;low
W1100;word_1100;B1;low
W1101;word_1101;A1;high
W1102;word_1102;C1;high
W1103;word_1103;B1;high
W1104;word_1104;C2;medium
W1105;word_1105;B2;low
W1106;word_1106;A2;low
W1107;word_1107;B2;high
W1108;word_1108;A1;high
W1109;word_1109;C2;high
W1110;word_1110;B1;medium
W1111;word_1111;A1;medium
W1112;word_1112;B1;medium
W1113;word_1113;A2;high
W1114;word_1114;C2;low
W1115;word_1115;B2;medium
W1116;word_1116;A1;high
W1117;word_1117;A1;high
W1118;word_1118;A2;high
W1119;word_1119;A2;high
W1120;word_1120;B2;high
W1121;word_1121;B1;low
W1122;word_1122;B1;medium
W1123;word_1123;C1;high
W1124;word_1124;C2;high
W1125;word_1125;A2;high
W1126;word_1126;A1;high
W1127;word_1127;A2;high
W1128;word_1128;C1;low
W1129;word_1129;C2;medium
W1130;word_1130;C2;high
W1131;word_1131;B1;high
W1132;word_1132;A2;high
W1133;word_1133;A2;high
W1134;word_1134;B2;medium
W1135;word_1135;C1;high
W1136;word_1136;C2;medium
W1137;word_1137;B2;medium
W1138;word_1138;C2;low
W1139;word_1139;A2;medium
W1140;word_1140;C1;low
W1141;word_1141;A1;medium
W1142;word_1142;C1;medium
W1143;word_1143;A1;low
W1144;word_1144;A1;high
W1145;word_1145;C1;low
W1146;word_1146;A2;medium
W1147;word_1147;A2;high
W1148;word_1148;C1;high
W1149;word_1149;C2;high
W1150;word_1150;C1;high
W1151;word_1151;C1;high
W1152;word_1152;A1;high
W1153;word_1153;C1;high
W1154;word_1154;C1;high
W1155;word_1155;B2;medium
W1156;word_1156;B1;medium
W1157;word_1157;B2;high
W1158;word_1158;A1;medium
W1159;word_1159;C1;high
W1160;word_1160;B2;high
W1161;word_1161;A1;medium
W1162;word_1162;A1;low
W1163;word_1163;A1;low
W1164;word_1164;B2;high
W1165;word_1165;B2;high
W1166;word_1166;A2;medium
W1167;word_1167;C2;medium
W1168;word_1168;B2;high
W1169;word_1169;B2;high
W1170;word_1170;B2;high
W1171;word_1171;C2;low
W1172;word_1172;C1;high
W1173;word_1173;B1;high
W1174;word_1174;C1;high
W1175;word_1175;A2;medium
W1176;word_1176;A2;low
W1177;word_1177;A1;low
W1178;word_1178;B2;medium
W1179;word_1179;C1;high
W1180;word_1180;B2;low
W1181;word_1181;A2;high
W1182;word_1182;A2;high
W1183;word_1183;C2;medium
W1184;word_1184;A1;low
W1185;word_1185;B2;medium
W1186;word_1186;A1;high
W1187;word_1187;A1;high
W1188;word_1188;A1;high
W1189;word_1189;C2;medium
W1190;word_1190;A1;high
W1191;word_1191;A1;high
W1192;word_1192;A2;medium
W1193;word_1193;A1;high
W1194;word_1194;B1;high
W1195;word_1195;C2;medium
W1196;word_1196;C1;medium
W1197;word_1197;C2;low
W1198;word_1198;A2;high
W1199;word_1199;A2;low
W1200;word_1200;C1;high
W1201;word_1201;B1;high
W1202;word_1202;C1;low
W1203;word_1203;C2;low
W1204;word_1204;C2;medium
W1205;word_1205;C1;high
W1206;word_1206;B1;low
W1207;word_1207;C2;high
W1208;word_1208;C1;high
W1209;word_1209;B2;high
W1210;word_1210;B1;high
W1211;word_1211;C1;high
W1212;word_1212;A2;high
W1213;word_1213;C2;high
W1214;word_1214;B2;low
W1215;word_1215;C1;high
W1216;word_1216;B2;medium
W1217;word_1217;A2;high
W1218;word_1218;B1;high
W1219;word_1219;C2;high
W1220;word_1220;B2;low
W1221;word_1221;A1;medium
W1222;word_1222;A2;high
W1223;word_1223;B2;medium
W1224;word_1224;C1;high
W1225;word_1225;A1;high
W1226;word_1226;C1;medium
W1227;word_1227;C1;high
W1228;word_1228;A2;low
W1229;word_1229;B1;high
W1230;word_1230;A1;high
W1231;word_1231;A2;low
W1232;word_1232;A1;medium
W1233;word_1233;B2;low
W1234;word_1234;C2;medium
W1235;word_1235;A2;high
W1236;word_1236;A2;medium
W1237;word_1237;B1;high
W1238;word_1238;C1;medium
W1239;word_1239;B1;high
W1240;word_1240;C1;low
W1241;word_1241;B2;high
W1242;word_1242;C2;high
W1243;word_1243;B1;low
W1244;word_1244;B1;high
W1245;word_1245;A1;medium
W1246;word_1246;A2;medium
W1247;word_1247;A1;high
W1248;word_1248;C1;medium
W1249;word_1249;B2;high
W1250;word_1250;A2;high
W1251;word_1251;B2;medium
W1252;word_1252;A2;high
W1253;word_1253;C2;low
W1254;word_1254;B1;high
W1255;word_1255;B2;low
W1256;word_1256;C2;medium
W1257;word_1257;B2;high
W1258;word_1258;B1;high
W1259;word_1259;C2;medium
W1260;word_1260;A2;low
W1261;word_1261;C1;low
W1262;word_1262;A1;medium
W1263;word_1263;A1;low
W1264;word_1264;C2;high
W1265;word_1265;A1;high
W1266;word_1266;C2;high
W1267;word_1267;C2;high
W1268;word_1268;A2;medium
W1269;word_1269;B1;high
W1270;word_1270;C2;medium
W1271;word_1271;C1;low
W1272;word_1272;C2;high
W1273;word_1273;A1;medium
W1274;word_1274;B2;high
W1275;word_1275;C1;medium
W1276;word_1276;C1;low
W1277;word_1277;A1;medium
W1278;word_1278;C2;medium
W1279;word_1279;A2;high
W1280;word_1280;A1;medium
W1281;word_1281;A2;high
W1282;word_1282;C1;high
W1283;word_1283;B1;high
W1284;word_1284;B2;high
W1285;word_1285;B2;high
W1286;word_1286;A2;low
W1287;word_1287;A2;high
W1288;word_1288;A1;medium
W1289;word_1289;C2;medium
W1290;word_1290;A1;high
W1291;word_1291;B2;medium
W1292;word_1292;A1;medium
W1293;word_1293;C2;high
W1294;word_1294;B2;low
W1295;word_1295;C2;medium
W1296;word_1296;C1;low
W1297;word_1297;A1;low
W1298;word_1298;A1;high
W1299;word_1299;C2;low
W1300;word_1300;B2;high
W1301;word_1301;A1;medium
W1302;word_1302;B1;low
W1303;word_1303;C1;medium
W1304;word_1304;A2;low
W1305;word_1305;B1;high
W1306;word_1306;A2;medium
W1307;word_1307;C2;low
W1308;word_1308;A1;high
W1309;word_1309;C1;high
W1310;word_1310;B2;medium
W1311;word_1311;C1;high
W1312;word_1312;C2;high
W1313;word_1313;C2;medium
W1314;word_1314;C1;medium
W1315;word_1315;B1;high
W1316;word_1316;B2;high
W1317;word_1317;A1;high
W1318;word_1318;C1;low
W1319;word_1319;B2;low
W1320;word_1320;B1;high
W1321;word_1321;B1;medium
W1322;word_1322;B2;high
W1323;word_1323;B1;medium
W1324;word_1324;B2;high
W1325;word_1325;C2;medium
W1326;word_1326;B2;high
W1327;word_1327;C1;high
W1328;word_1328;A2;medium
W1329;word_1329;A1;high
W1330;word_1330;B2;medium
W1331;word_1331;C2;high
W1332;word_1332;B2;high
W1333;word_1333;A1;high
W1334;word_1334;B1;high
W1335;word_1335;B1;high
W1336;word_1336;A1;high
W1337;word_1337;B2;medium
W1338;word_1338;C1;high
W1339;word_1339;A1;high
W1340;word_1340;C1;high
W1341;word_1341;C1;medium
W1342;word_1342;B2;high
W1343;word_1343;B2;high
W1344;word_1344;A1;medium
W1345;word_1345;C1;low
W1346;word_1346;A2;medium
W1347;word_1347;A2;medium
W1348;word_1348;A2;high
W1349;word_1349;B1;high
W1350;word_1350;A2;high
W1351;word_1351;B2;high
W1352;word_1352;B1;high
W1353;word_1353;A1;high
W1354;word_1354;A2;medium
W1355;word_1355;B2;medium
W1356;word_1356;A2;high
W1357;word_1357;A2;high
W1358;word_1358;B2;high
W1359;word_1359;C1;high
W1360;word_1360;B1;high
W1361;word_1361;B2;low
W1362;word_1362;C2;low
W1363;word_1363;A2;high
W1364;word_1364;C1;low
W1365;word_1365;A2;high
W1366;word_1366;A2;low
W1367;word_1367;B1;high
W1368;word_1368;C2;medium
W1369;word_1369;C1;medium
W1370;word_1370;B1;high
W1371;word_1371;B2;high
W1372;word_1372;C1;high
W1373;word_1373;C1;high
W1374;word_1374;C1;high
W1375;word_1375;C2;high
W1376;word_1376;C2;high
W1377;word_1377;B1;low
W1378;word_1378;A1;low
W1379;word_1379;B2;medium
W1380;word_1380;A2;medium
W1381;word_1381;A2;high
W1382;word_1382;A2;medium
W1383;word_1383;B2;high
W1384;word_1384;C1;high
W1385;word_1385;B2;medium
W1386;word_1386;C2;high
W1387;word_1387;A1;medium
W1388;word_1388;B1;medium
W1389;word_1389;C1;medium
W1390;word_1390;A1;high
W1391;word_1391;A2;medium
W1392;word_1392;B1;high
W1393;word_1393;C1;high
W1394;word_1394;C2;medium
W1395;word_1395;B2;low
W1396;word_1396;B1;low
W1397;word_1397;B2;high
W1398;word_1398;A1;high
W1399;word_1399;C1;medium
W1400;word_1400;C1;medium
W1401;word_1401;C1;high
W1402;word_1402;B1;high
W1403;word_1403;C2;medium
W1404;word_1404;C1;high
W1405;word_1405;A1;high
W1406;word_1406;B1;high
W1407;word_1407;A1;high
W1408;word_1408;C2;high
W1409;word_1409;B1;high
W1410;word_1410;A2;medium
W1411;word_1411;B1;high
W1412;word_1412;B2;medium
W1413;word_1413;B2;high
W1414;word_1414;B1;high
W1415;word_1415;C2;high
W1416;word_1416;B1;medium
W1417;word_1417;C2;low
W1418;word_1418;C2;high
W1419;word_1419;A2;medium
W1420;word_1420;B1;medium
W1421;word_1421;B2;high
W1422;word_1422;B2;medium
W1423;word_1423;A2;medium
W1424;word_1424;B2;high
W1425;word_1425;C2;medium
W1426;word_1426;A2;high
W1427;word_1427;B2;high
W1428;word_1428;C2;high
W1429;word_1429;B1;medium
W1430;word_1430;A1;medium
W1431;word_1431;C1;high
W1432;word_1432;B1;high
W1433;word_1433;A1;high
W1434;word_1434;B2;medium
W1435;word_1435;C2;high
W1436;word_1436;B2;medium
W1437;word_1437;C1;high
W1438;word_1438;B1;low
W1439;word_1439;C1;high
W1440;word_1440;C2;medium
W1441;word_1441;B1;low
W1442;word_1442;C1;high
W1443;word_1443;A2;high
W1444;word_1444;A2;high
W1445;word_1445;A2;high
W1446;word_1446;A2;medium
W1447;word_1447;B2;medium
W1448;word_1448;C1;high
W1449;word_1449;A2;high
W1450;word_1450;C1;medium
W1451;word_1451;C2;low
W1452;word_1452;A2;medium
W1453;word_1453;B2;high
W1454;word_1454;A2;high
W1455;word_1455;B2;medium
W1456;word_1456;B1;low
W1457;word_1457;B2;high
W1458;word_1458;B2;low
W1459;word_1459;C1;medium
W1460;word_1460;B2;medium
W1461;word_1461;B2;medium
W1462;word_1462;B2;high
W1463;word_1463;A1;medium
W1464;word_1464;A2;high
W1465;word_1465;B1;high
W1466;word_1466;B1;high
W1467;word_1467;B2;medium
W1468;word_1468;B2;medium
W1469;word_1469;A1;medium
W1470;word_1470;B1;medium
W1471;word_1471;B1;medium
W1472;word_1472;A1;medium
W1473;word_1473;B2;medium
W1474;word_1474;B2;high
W1475;word_1475;C2;medium
W1476;word_1476;B1;low
W1477;word_1477;A1;high
W1478;word_1478;B1;low
W1479;word_1479;A1;high
W1480;word_1480;A1;medium
W1481;word_1481;A2;high
W1482;word_1482;C2;medium
W1483;word_1483;B1;low
W1484;word_1484;C1;medium
W1485;word_1485;A2;medium
W1486;word_1486;A2;low
W1487;word_1487;A1;medium
W1488;word_1488;C1;high
W1489;word_1489;C1;high
W1490;word_1490;C2;high
W1491;word_1491;C1;high
W1492;word_1492;C1;low
W1493;word_1493;C2;low
W1494;word_1494;A2;low
W1495;word_1495;B2;low
W1496;word_1496;B1;low
W1497;word_1497;A2;medium
W1498;word_1498;A2;high
W1499;word_1499;C2;high
W1500;word_1500;A2;medium
W1501;word_1501;C2;high
W1502;word_1502;A2;medium
W1503;word_1503;B1;medium
W1504;word_1504;B2;high
W1505;word_1505;C2;medium
W1506;word_1506;A1;high
W1507;word_1507;C2;high
W1508;word_1508;B1;high
W1509;word_1509;B2;high
W1510;word_1510;A1;low
W1511;word_1511;C2;high
W1512;word_1512;B2;medium
W1513;word_1513;C2;high
W1514;word_1514;A1;medium
W1515;word_1515;B2;high
W1516;word_1516;B2;low
W1517;word_1517;B2;high
W1518;word_1518;B1;high
W1519;word_1519;C1;high
W1520;word_1520;B2;medium
W1521;word_1521;C2;medium
W1522;word_1522;A1;high
W1523;word_1523;B2;high
W1524;word_1524;A2;high
W1525;word_1525;A1;low
W1526;word_1526;B2;high
W1527;word_1527;C2;low
W1528;word_1528;C2;high
W1529;word_1529;B1;high
W1530;word_1530;B1;high
W1531;word_1531;B1;medium
W1532;word_1532;C2;high
W1533;word_1533;B2;medium
W1534;word_1534;C2;medium
W1535;word_1535;A2;high
W1536;word_1536;A1;medium
W1537;word_1537;A1;high
W1538;word_1538;A1;high
W1539;word_1539;A2;medium
W1540;word_1540;B2;high
W1541;word_1541;C2;high
W1542;word_1542;A1;low
W1543;word_1543;B2;medium
W1544;word_1544;B2;high
W1545;word_1545;B2;high
W1546;word_1546;A1;high
W1547;word_1547;B1;low
W1548;word_1548;A2;high
W1549;word_1549;A2;medium
W1550;word_1550;C2;high
W1551;word_1551;C1;medium
W1552;word_1552;C1;medium
W1553;word_1553;B2;high
W1554;word_1554;A2;medium
W1555;word_1555;A2;low
W1556;word_1556;C1;medium
W1557;word_1557;A2;high
W1558;word_1558;A1;high
W1559;word_1559;A1;medium
W1560;word_1560;B2;high
W1561;word_1561;B2;high
W1562;word_1562;A2;high
W1563;word_1563;C2;high
W1564;word_1564;C1;medium
W1565;word_1565;C2;medium
W1566;word_1566;C2;high
W1567;word_1567;C2;low
W1568;word_1568;A2;medium
W1569;word_1569;C1;high
W1570;word_1570;B2;high
W1571;word_1571;A1;medium
W1572;word_1572;A2;high
W1573;word_1573;A1;high
W1574;word_1574;C2;medium
W1575;word_1575;C1;low
W1576;word_1576;A1;low
W1577;word_1577;B1;high
W1578;word_1578;C1;high
W1579;word_1579;C1;medium
W1580;word_1580;B2;low
W1581;word_1581;A1;high
W1582;word_1582;A1;high
W1583;word_1583;A2;high
W1584;word_1584;A1;low
W1585;word_1585;B2;medium
W1586;word_1586;C2;medium
W1587;word_1587;B2;high
W1588;word_1588;B2;high
W1589;word_1589;C1;medium
W1590;word_1590;A2;high
W1591;word_1591;B1;high
W1592;word_1592;A2;low
W1593;word_1593;A2;medium
W1594;word_1594;B2;medium
W1595;word_1595;C2;medium
W1596;word_1596;A1;high
W1597;word_1597;B2;medium
W1598;word_1598;A2;high
W1599;word_1599;A1;low
W1600;word_1600;A1;high
W1601;word_1601;C1;high
W1602;word_1602;C2;medium
W1603;word_1603;C2;high
W1604;word_1604;A1;medium
W1605;word_1605;C2;high
W1606;word_1606;B2;low
W1607;word_1607;C1;medium
W1608;word_1608;C2;high
W1609;word_1609;B1;high
W1610;word_1610;B1;medium
W1611;word_1611;A1;medium
W1612;word_1612;A1;high
W1613;word_1613;B2;high
W1614;word_1614;A1;high
W1615;word_1615;C1;medium
W1616;word_1616;B2;high
W1617;word_1617;B1;high
W1618;word_1618;C1;high
W1619;word_1619;A2;high
W1620;word_1620;A1;low
W1621;word_1621;C2;medium
W1622;word_1622;A2;medium
W1623;word_1623;A1;high
W1624;word_1624;A1;high
W1625;word_1625;B2;high
W1626;word_1626;A2;high
W1627;word_1627;A1;medium
W1628;word_1628;C2;medium
W1629;word_1629;B2;high
W1630;word_1630;A2;high
W1631;word_1631;C2;high
W1632;word_1632;A1;medium
W1633;word_1633;A1;medium
W1634;word_1634;A1;high
W1635;word_1635;C1;low
W1636;word_1636;B2;high
W1637;word_1637;B2;low
W1638;word_1638;B1;high
W1639;word_1639;C1;high
W1640;word_1640;B1;high
W1641;word_1641;C1;medium
W1642;word_1642;C2;medium
W1643;word_1643;B2;high
W1644;word_1644;B2;low
W1645;word_1645;A2;medium
W1646;word_1646;C1;medium
W1647;word_1647;A2;high
W1648;word_1648;B2;high
W1649;word_1649;C1;high
W1650;word_1650;C2;low
W1651;word_1651;B1;high
W1652;word_1652;C2;high
W1653;word_1653;C2;medium
W1654;word_1654;A1;high
W1655;word_1655;A2;high
W1656;word_1656;A1;low
W1657;word_1657;A2;medium
W1658;word_1658;A1;high
W1659;word_1659;A2;low
W1660;word_1660;C1;high
W1661;word_1661;B1;high
W1662;word_1662;C2;high
W1663;word_1663;A1;medium
W1664;word_1664;C2;low
W1665;word_1665;A1;medium
W1666;word_1666;A1;high
W1667;word_1667;A2;high
W1668;word_1668;B1;low
W1669;word_1669;B2;medium
W1670;word_1670;C2;high
W1671;word_1671;B2;high
W1672;word_1672;A1;low
W1673;word_1673;A2;medium
W1674;word_1674;C1;high
W1675;word_1675;A1;high
W1676;word_1676;B2;high
W1677;word_1677;A1;medium
W1678;word_1678;A2;high
W1679;word_1679;B2;high
W1680;word_1680;A1;high
W1681;word_1681;C2;high
W1682;word_1682;C2;medium
W1683;word_1683;A1;high
W1684;word_1684;B1;high
W1685;word_1685;C2;high
W1686;word_1686;B1;high
W1687;word_1687;A1;medium
W1688;word_1688;B1;low
W1689;word_1689;A2;high
W1690;word_1690;B2;low
W1691;word_1691;C1;medium
W1692;word_1692;A2;high
W1693;word_1693;A1;low
W1694;word_1694;A2;high
W1695;word_1695;A1;low
W1696;word_1696;A2;high
W1697;word_1697;B2;high
W1698;word_1698;C2;low
W1699;word_1699;A1;medium
W1700;word_1700;B1;low
W1701;word_1701;A1;high
W1702;word_1702;A1;high
W1703;word_1703;C2;high
W1704;word_1704;A2;high
W1705;word_1705;B1;high
W1706;word_1706;B2;high
W1707;word_1707;C1;high
W1708;word_1708;C2;high
W1709;word_1709;A1;high
W1710;word_1710;B2;high
W1711;word_1711;A2;low
W1712;word_1712;B1;high
W1713;word_1713;A2;high
W1714;word_1714;C1;medium
W1715;word_1715;C2;high
W1716;word_1716;B2;low
W1717;word_1717;B2;high
W1718;word_1718;B1;high
W1719;word_1719;B2;high
W1720;word_1720;C1;high
W1721;word_1721;C1;medium
W1722;word_1722;B2;medium
W1723;word_1723;B1;high
W1724;word_1724;B2;high
W1725;word_1725;C1;medium
W1726;word_1726;B2;high
W1727;word_1727;A1;high
W1728;word_1728;A2;high
W1729;word_1729;B1;high
W1730;word_1730;B2;medium
W1731;word_1731;C1;low
W1732;word_1732;A2;high
W1733;word_1733;C2;high
W1734;word_1734;C1;low
W1735;word_1735;C2;high
W1736;word_1736;A2;medium
W1737;word_1737;B2;high
W1738;word_1738;A2;high
W1739;word_1739;C1;high
W1740;word_1740;C2;medium
W1741;word_1741;C1;high
W1742;word_1742;C2;high
W1743;word_1743;C1;medium
W1744;word_1744;C1;low
W1745;word_1745;B2;medium
W1746;word_1746;A2;high
W1747;word_1747;A1;high
W1748;word_1748;C1;high
W1749;word_1749;C1;high
W1750;word_1750;B1;low
W1751;word_1751;A2;low
W1752;word_1752;B1;medium
W1753;word_1753;B1;high
W1754;word_1754;A2;medium
W1755;word_1755;A2;medium
W1756;word_1756;C1;low
W1757;word_1757;A1;high
W1758;word_1758;C2;high
W1759;word_1759;A1;high
W1760;word_1760;B1;high
W1761;word_1761;A2;medium
W1762;word_1762;B2;medium
W1763;word_1763;B2;medium
W1764;word_1764;A2;medium
W1765;word_1765;C1;medium
W1766;word_1766;C1;medium
W1767;word_1767;A2;medium
W1768;word_1768;A2;high
W1769;word_1769;C2;medium
W1770;word_1770;A2;high
W1771;word_1771;A1;low
W1772;word_1772;C1;high
W1773;word_1773;C1;high
W1774;word_1774;C1;high
W1775;word_1775;C1;high
W1776;word_1776;C1;high
W1777;word_1777;B2;high
W1778;word_1778;C2;high
W1779;word_1779;B1;low
W1780;word_1780;A2;medium
W1781;word_1781;A1;low
W1782;word_1782;C2;medium
W1783;word_1783;B1;high
W1784;word_1784;B1;high
W1785;word_1785;C2;high
W1786;word_1786;B1;medium
W1787;word_1787;C2;high
W1788;word_1788;B2;high
W1789;word_1789;B2;low
W1790;word_1790;B2;high
W1791;word_1791;B2;high
W1792;word_1792;B2;high
W1793;word_1793;B2;medium
W1794;word_1794;C1;medium
W1795;word_1795;C2;high
W1796;word_1796;B2;high
W1797;word_1797;A1;high
W1798;word_1798;B1;high
W1799;word_1799;A1;high
W1800;word_1800;A2;low
W1801;word_1801;A2;medium
W1802;word_1802;C1;low
W1803;word_1803;A1;high
W1804;word_1804;C1;low
W1805;word_1805;C2;high
W1806;word_1806;C2;high
W1807;word_1807;B2;high
W1808;word_1808;A1;high
W1809;word_1809;A2;high
W1810;word_1810;C1;medium
W1811;word_1811;C2;medium
W1812;word_1812;C2;high
W1813;word_1813;A2;high
W1814;word_1814;B2;medium
W1815;word_1815;B2;high
W1816;word_1816;B1;high
W1817;word_1817;A1;high
W1818;word_1818;C2;medium
W1819;word_1819;B2;high
W1820;word_1820;A1;high
W1821;word_1821;C2;high
W1822;word_1822;A1;high
W1823;word_1823;A1;high
W1824;word_1824;B2;high
W1825;word_1825;C2;high
W1826;word_1826;C2;medium
W1827;word_1827;A2;high
W1828;word_1828;B2;high
W1829;word_1829;B2;high
W1830;word_1830;B2;high
W1831;word_1831;A2;low
W1832;word_1832;C1;high
W1833;word_1833;C2;medium
W1834;word_1834;A1;medium
W1835;word_1835;C1;high
W1836;word_1836;C1;high
W1837;word_1837;A1;low
W1838;word_1838;C1;high
W1839;word_1839;C1;medium
W1840;word_1840;B2;medium
W1841;word_1841;A2;high
W1842;word_1842;A1;high
W1843;word_1843;C2;high
W1844;word_1844;C1;low
W1845;word_1845;C1;medium
W1846;word_1846;C1;high
W1847;word_1847;B2;high
W1848;word_1848;A2;low
W1849;word_1849;A2;high
W1850;word_1850;B2;high
W1851;word_1851;C2;high
W1852;word_1852;C2;high
W1853;word_1853;C1;high
W1854;word_1854;C2;low
W1855;word_1855;A1;high
W1856;word_1856;C1;high
W1857;word_1857;B1;low
W1858;word_1858;C1;high
W1859;word_1859;A1;medium
W1860;word_1860;C1;medium
W1861;word_1861;B2;high
W1862;word_1862;A2;high
W1863;word_1863;C1;medium
W1864;word_1864;A1;low
W1865;word_1865;C1;medium
W1866;word_1866;B1;low
W1867;word_1867;B1;low
W1868;word_1868;B1;high
W1869;word_1869;B2;medium
W1870;word_1870;B2;high
W1871;word_1871;B1;high
W1872;word_1872;C1;medium
W1873;word_1873;C2;high
W1874;word_1874;B2;low
W1875;word_1875;B1;medium
W1876;word_1876;A1;medium
W1877;word_1877;B1;low
W1878;word_1878;A1;high
W1879;word_1879;B1;high
W1880;word_1880;B2;low
W1881;word_1881;C2;high
W1882;word_1882;A2;high
W1883;word_1883;C2;high
W1884;word_1884;B1;high
W1885;word_1885;B2;medium
W1886;word_1886;A1;high
W1887;word_1887;A2;low
W1888;word_1888;B2;medium
W1889;word_1889;C1;low
W1890;word_1890;A1;medium
W1891;word_1891;A2;high
W1892;word_1892;C2;medium
W1893;word_1893;A2;medium
W1894;word_1894;C1;low
W1895;word_1895;A1;high
W1896;word_1896;A2;low
W1897;word_1897;A2;high
W1898;word_1898;A1;low
W1899;word_1899;C2;high
W1900;word_1900;B1;low
W1901;word_1901;C1;high
W1902;word_1902;A1;medium
W1903;word_1903;A2;high
W1904;word_1904;C1;high
W1905;word_1905;B2;medium
W1906;word_1906;B1;high
W1907;word_1907;B1;medium
W1908;word_1908;C2;high
W1909;word_1909;A1;high
W1910;word_1910;A2;low
W1911;word_1911;A2;low
W1912;word_1912;C2;high
W1913;word_1913;A2;high
W1914;word_1914;B2;medium
W1915;word_1915;C2;high
W1916;word_1916;A2;medium
W1917;word_1917;C1;low
W1918;word_1918;A2;high
W1919;word_1919;B1;medium
W1920;word_1920;C2;medium
W1921;word_1921;B2;low
W1922;word_1922;B1;high
W1923;word_1923;A2;high
W1924;word_1924;C2;medium
W1925;word_1925;C1;high
W1926;word_1926;A1;high
W1927;word_1927;C2;low
W1928;word_1928;B1;medium
W1929;word_1929;C1;medium
W1930;word_1930;B1;medium
W1931;word_1931;B2;high
W1932;word_1932;B1;medium
W1933;word_1933;B1;high
W1934;word_1934;C2;low
W1935;word_1935;C2;high
W1936;word_1936;A2;medium
W1937;word_1937;A2;low
W1938;word_1938;C1;high
W1939;word_1939;B1;medium
W1940;word_1940;C2;high
W1941;word_1941;B2;low
W1942;word_1942;B1;low
W1943;word_1943;B2;high
W1944;word_1944;A1;medium
W1945;word_1945;C1;low
W1946;word_1946;B1;medium
W1947;word_1947;A2;medium
W1948;word_1948;C2;medium
W1949;word_1949;C2;high
W1950;word_1950;B1;low
W1951;word_1951;C2;low
W1952;word_1952;A2;high
W1953;word_1953;B2;high
W1954;word_1954;B1;medium
W1955;word_1955;C1;medium
W1956;word_1956;A2;low
W1957;word_1957;B1;medium
W1958;word_1958;A2;high
W1959;word_1959;C2;low
W1960;word_1960;B2;medium
W1961;word_1961;B1;high
W1962;word_1962;C1;high
W1963;word_1963;A1;high
W1964;word_1964;C2;medium
W1965;word_1965;C1;high
W1966;word_1966;A2;medium
W1967;word_1967;C2;high
W1968;word_1968;B1;high
W1969;word_1969;A2;high
W1970;word_1970;A2;high
W1971;word_1971;C1;low
W1972;word_1972;B2;high
W1973;word_1973;C2;high
W1974;word_1974;A1;high
W1975;word_1975;C2;low
W1976;word_1976;B1;medium
W1977;word_1977;A1;high
W1978;word_1978;A2;medium
W1979;word_1979;A2;medium
W1980;word_1980;A2;high
W1981;word_1981;A1;high
W1982;word_1982;B2;medium
W1983;word_1983;B2;high
W1984;word_1984;B2;high
W1985;word_1985;A1;medium
W1986;word_1986;C2;high
W1987;word_1987;A1;low
W1988;word_1988;C1;high
W1989;word_1989;C2;high
W1990;word_1990;C2;high
W1991;word_1991;C2;low
W1992;word_1992;B1;high
W1993;word_1993;B2;medium
W1994;word_1994;B1;high
W1995;word_1995;A1;high
W1996;word_1996;B1;high
W1997;word_1997;C1;medium
W1998;word_1998;B1;high
W1999;word_1999;C2;low
W2000;word_2000;B1;low
